Id,Body,Face,Hair,Longcoat,Shoes,Cap
CA0001,3cf4cb29ae344577b9eed37e531688a4,003566cae02441718a5c0ed26b356f6f,003037d7fdaf4e80ad0eed9fc560d4ed,003c497d6005475a92786e26b9c583fb,01cd1fa0dc4f43c48fe05fa31d638812,
CA0002,2f62f3dbbbcb4809ae353831a4d62c5e,005b1222ceb14e0082d6ee10887310e7,3cbae21c0214441e870cd98faeacf175,05522ed6512b47efaa649b0426bdac4e,04696c570f9e46e286b621f8ad15b2f1,
CA0003,3cf4cb29ae344577b9eed37e531688a4,03182d6b56e54f1996dd774adff61c0d,00b610c5a1cc4d19b16a656961993ef3,05d813ea1c974946838dccc5e09f3572,0f3e928e15174bbc8f3e098911946a18,
CA0004,3cf4cb29ae344577b9eed37e531688a4,0e35e45192d040799ec75c3049c7bfc9,0175af2e9fd64edca5614797bf713a7b,2b71d4d6516145d286674caea4216023,0ae3a98b495c42ad963260490974a1c2,
CA0005,2f62f3dbbbcb4809ae353831a4d62c5e,0065e533707040ccabda66fd87fc0f24,3e9b3aa85c05470c9c4f63f383760bcb,17cc83993ccd496aa259b0339175c7c2,0483933a476a41159fc8a8ae57da7a0f,
CA0006,3cf4cb29ae344577b9eed37e531688a4,031a4b0fd3b94546b0218ade854a3953,3d863e9170b5426ea9dc035cf9ece724,c5150b36d4d2447e89e1868d9ee06e16,01cd1fa0dc4f43c48fe05fa31d638812,
CA0007,2f62f3dbbbcb4809ae353831a4d62c5e,002edb95ebe24b40856d19b9fc8ffe39,2a9fa3a32add479e89ea44a6064d4054,353f0cca2c5c47f5bd44341090ec54b7,0ae3a98b495c42ad963260490974a1c2,
CA0008,2f62f3dbbbcb4809ae353831a4d62c5e,03ba9733faa14a8989b9bafd35883a83,0a1dba443f444db097724ce2bee13089,67f98d4a72ea47e5b817ba558c9c3f95,5202ca6410df452c890e5a108084b438,
CA0009,2f62f3dbbbcb4809ae353831a4d62c5e,04b6c1072d9d4993978a424f4557bfda,120d25dd617c48d4aa84bd7f517d895c,7e6123120bd347469764132d37328888,6726f00ad32b45fe87ac3bdf5ca4e0db,
CA0010,3cf4cb29ae344577b9eed37e531688a4,177a2d0e27c441d0b6c161a83a32b657,d27591e1fcf04524bb836f5f25cd8da1,9654cc26675049789b9f79d3e9c12196,11a558edc21143d8a6477980b2b72459,
CA0011,a7df8f459b2348f5ab88ee3fa0b1de05,168cbeaacdc84415b8a4a62332083d73,0b298970e6e04222a8d6fcf13aa6d943,7bac7ce83ac244ddb7d53416b4b6c1e4,0b76830bb3be4a90a64283827d4721d9,
CA0012,b103dbf5d7a741e4ba61ddb44d73966b,045b98ab2981425083b7c902d4e61935,2a3108ade82040b5a5e103f4aaf39d8b,125d5cf42f204f9ab01a944b766f8284,585a7df8fce04ae5b734ec11c18db31e,
CA0013,bc8a35363dfd4d1ba6bb8c1ea67abd20,0030d40d6e654f4d8afc334383401303,150c5cee16c6431d9ffeabcc2af9d0bd,c19246603ccf4c19a1aa6cfcc72d1222,0f17f2d391c8403c9db86c8da5385daf,
CA0014,3cf4cb29ae344577b9eed37e531688a4,0f7830f7ac694a379e0d2757fd85ad86,5f51c9d0110a45258b55411b5b2b17ba,3999334dced047c084e7dcf37a747f5d,673960046323454c9ec97db94d36b65c,
CA0015,5b510a5cb03b4ba9bfe1b1666b17b2cf,2dd5bbc00adc44d68bf48ab4b7377e7f,9adf765c5d7a494b8056ff054829f2d4,ca586383677443c8b097a2c9c65bdb5a,71878ef612594284a7b43fd04b002aac,
CA0016,bc8a35363dfd4d1ba6bb8c1ea67abd20,14f52a523f6245a6bed38c4cb152ee8c,0fff03f9ae7c4b6f81fc8e249a26b013,ffd19c9f103a412a8f36bc1b98e5d0fe,c6865f9b3be24462bb995c940649b3d3,
CA0017,04e82396b2ba40ab9d860f993447f3eb,28d956a70dd64164aa12c65f815fe61d,a062b9fe5f564dfcb6eff16e8335a8b2,4ff02735a3d74a37aceb270ddf2b0e51,16bd622735784efb944bfe4a6ada1487,
CA0018,7a420535a9bb41a1ae2d129576fdb383,3016cf7fcda44d53a170c40ecc9fabeb,5f6a3234f04c411db2956e4068a1d45b,43f310e1f1de4c47bdcb41a0b71b4727,f0a080bbdbf84505953eb24b374322e7,
CA0019,2f62f3dbbbcb4809ae353831a4d62c5e,31177cdc83024fbc9d112dd2ba13a80a,bd0125b0bbd34cdf9d1ec5d9cec45216,ba3362cb5b934a37b8d10cd7c3c09f4d,0adeb15efea144e28428239c44f5aec4,
CA0020,3cf4cb29ae344577b9eed37e531688a4,254425aceb9e491f9378c4f0c4eb9470,51d66028443940e5bac33b375e2b51b0,e632b69766e8419eb551f687f8e2b54d,627f45ea5a97458b9e9c100e2c1f46d8,
CA0021,5b510a5cb03b4ba9bfe1b1666b17b2cf,3c405e270bee41c0babb4e2f480c4820,79084dd098274d7b9561baab79fe9c2a,07a7decdd0f643f38d2dda1dc46c1a69,1a7f73e7e8b6443e992afe62d173961b,
CA0022,3cf4cb29ae344577b9eed37e531688a4,17af011e41554911abaffa22ad6029a5,3535c5cd9a2a445aa401f070f30628dc,5a677a60ba6c467e9d1c5fd4c43918f0,cd59b7f347764b999c82215388c6492c,
CA0023,04e82396b2ba40ab9d860f993447f3eb,2e6b706682a44a1b92a49f666e26f2e8,773646e5c40f414d97727bbb386009b1,014ee9940feb491e93417b0764ccfcc7,0f3e928e15174bbc8f3e098911946a18,
CA0024,bc8a35363dfd4d1ba6bb8c1ea67abd20,2aebe7d2828d4545bd9e18d7b755b42c,a81bee065a1a42c7873c9e0d968c01cb,83f6319526b24e35baf54d68b11bf567,3e672d04f9794ed89375808b1b354b15,
CA0025,3cf4cb29ae344577b9eed37e531688a4,571f8e799b8243df9cadab669a54abd9,85d2e67bd9d644389ee9ea66b353dc5b,9a361f2ffd6d42b698f138a71163c05b,7ba7c3c12c924e2db38b2a222d1b65f0,
CA0026,5b510a5cb03b4ba9bfe1b1666b17b2cf,2bb56f3157d94c27921d8a1c32e02345,ae494b37c5274a07a9cfad762ceccc2a,c8642931e5f14844873532246d848c37,627f45ea5a97458b9e9c100e2c1f46d8,
CA0027,bc8a35363dfd4d1ba6bb8c1ea67abd20,1de8f2b2d55443a4ba5fa5492d2a4a31,5a504d42482d46f3b81f5ef78d224566,1c73a794497942cabb9848a951aacfbe,e9ef9ab17571452494f222d7254e01fc,
CA0028,5b510a5cb03b4ba9bfe1b1666b17b2cf,49556a8215834dfa87d373cd2cb3b06d,e0277c9e27cc4112af224944efa84966,e6c69e4c234b4fcb9700e1e46a6f564a,09ebf74a5b6545cfb1704fba983162e8,
CA0029,2f62f3dbbbcb4809ae353831a4d62c5e,36bd0a55f5ca4bcba11ce63ab1a41828,5435f6a96b4c457e8d9e943c2acbbe94,0aed7a6c893f461da774fe4a9870bfb9,9c8c6a4f22d04209ae492f0bb96d1d6f,
CA0030,d2bb955141df400bb5acf8891cfe37ce,39317618643c4de7ac03ffad7d75e069,b7ec88665cad4e26b93779b0e1a5a72d,ce7dcd20578a4ab39fdcea26d873b68e,7ba7c3c12c924e2db38b2a222d1b65f0,
CA0031,d2bb955141df400bb5acf8891cfe37ce,003566cae02441718a5c0ed26b356f6f,02e9470155df4a3394e6446e5496f566,0bdc0790412241d5ae4887b4b3986129,01cd1fa0dc4f43c48fe05fa31d638812,
CA0032,5b510a5cb03b4ba9bfe1b1666b17b2cf,005b1222ceb14e0082d6ee10887310e7,010498ad56a148818431feb8425abfb8,0df7ab6074924e3e81d5855e335c6f88,04696c570f9e46e286b621f8ad15b2f1,
CA0033,d2bb955141df400bb5acf8891cfe37ce,03182d6b56e54f1996dd774adff61c0d,003037d7fdaf4e80ad0eed9fc560d4ed,15ff86174e2d46179cf03de9b2398ead,0f3e928e15174bbc8f3e098911946a18,
CA0034,5b510a5cb03b4ba9bfe1b1666b17b2cf,0e35e45192d040799ec75c3049c7bfc9,01348d82fbe84a7ca797a0ed02f16f08,2034f7df099f40ab8808c973c2e0437f,0ae3a98b495c42ad963260490974a1c2,
CA0035,d2bb955141df400bb5acf8891cfe37ce,0065e533707040ccabda66fd87fc0f24,01c6db61e65f41b1ae83f943811cc7bc,f820a25541854b35bcebb1a847ca1e2f,0483933a476a41159fc8a8ae57da7a0f,
CA0036,d2bb955141df400bb5acf8891cfe37ce,031a4b0fd3b94546b0218ade854a3953,036ab31e6e314743bd81440bae6b7c27,069cb49d17dc4aeb8adc795d40a57312,01cd1fa0dc4f43c48fe05fa31d638812,
CA0037,5b510a5cb03b4ba9bfe1b1666b17b2cf,002edb95ebe24b40856d19b9fc8ffe39,026013fdd5c14f838a30dab3e04ccea8,06c91cdfbb054354ab33a79fe6e3c815,0ae3a98b495c42ad963260490974a1c2,
CA0038,5b510a5cb03b4ba9bfe1b1666b17b2cf,03ba9733faa14a8989b9bafd35883a83,04f6bf0cd9e6425bbf9af1e7a5216761,088a1693ea644f5d82df6bbf91c39222,5202ca6410df452c890e5a108084b438,
CA0039,d2bb955141df400bb5acf8891cfe37ce,04b6c1072d9d4993978a424f4557bfda,04c9e38328af4fb1beafcb935440cfc4,0bdc0790412241d5ae4887b4b3986129,6726f00ad32b45fe87ac3bdf5ca4e0db,
CA0040,5b510a5cb03b4ba9bfe1b1666b17b2cf,177a2d0e27c441d0b6c161a83a32b657,00b610c5a1cc4d19b16a656961993ef3,0fb02e7bf06c4ec0b9bddc0b7b71d821,11a558edc21143d8a6477980b2b72459,
CA0041,a7df8f459b2348f5ab88ee3fa0b1de05,168cbeaacdc84415b8a4a62332083d73,3263e5d033b241de86d767f941bc0711,0fd3a966880a44a585421b5bdbea94a5,0b76830bb3be4a90a64283827d4721d9,
CA0042,b103dbf5d7a741e4ba61ddb44d73966b,045b98ab2981425083b7c902d4e61935,328959d810c04a598374fb9f8d017fcc,2bbab18429e54ad686ea698493efd8bb,585a7df8fce04ae5b734ec11c18db31e,
CA0043,bc8a35363dfd4d1ba6bb8c1ea67abd20,0030d40d6e654f4d8afc334383401303,323e3f58b3c04444ac2fbbe8042343e0,2e5899f654c849aa871f08ca2a9623f8,0f17f2d391c8403c9db86c8da5385daf,
CA0044,3cf4cb29ae344577b9eed37e531688a4,0f7830f7ac694a379e0d2757fd85ad86,33735b414f0246a08a59f95c06d6d1ab,2d7d875ce4994997acffd1e1a0ef491f,673960046323454c9ec97db94d36b65c,
CA0045,5b510a5cb03b4ba9bfe1b1666b17b2cf,2dd5bbc00adc44d68bf48ab4b7377e7f,3667110fa0994925b7c2a5cf56817608,2eae8f22072544cfa893a6a791a439f2,71878ef612594284a7b43fd04b002aac,
CA0046,bc8a35363dfd4d1ba6bb8c1ea67abd20,14f52a523f6245a6bed38c4cb152ee8c,36a094fef9d8436aa5c9a012d96329a4,377f35cff71c4f5ebdc0fac4c572e698,c6865f9b3be24462bb995c940649b3d3,
CA0047,04e82396b2ba40ab9d860f993447f3eb,28d956a70dd64164aa12c65f815fe61d,38f1ddd9a900429ea0ee3c1a9fa9dfae,3ab148d640984f7096286c207bdab60c,16bd622735784efb944bfe4a6ada1487,
CA0048,7a420535a9bb41a1ae2d129576fdb383,3016cf7fcda44d53a170c40ecc9fabeb,3a3e379140d44ebda5b73b8dea3cd2ec,43f310e1f1de4c47bdcb41a0b71b4727,f0a080bbdbf84505953eb24b374322e7,
CA0049,2f62f3dbbbcb4809ae353831a4d62c5e,31177cdc83024fbc9d112dd2ba13a80a,3b2cbe9d0d2a47e6b674a934c89c8c1b,ba3362cb5b934a37b8d10cd7c3c09f4d,0adeb15efea144e28428239c44f5aec4,
CA0050,3cf4cb29ae344577b9eed37e531688a4,254425aceb9e491f9378c4f0c4eb9470,3d863e9170b5426ea9dc035cf9ece724,e632b69766e8419eb551f687f8e2b54d,627f45ea5a97458b9e9c100e2c1f46d8,
CA0051,5b510a5cb03b4ba9bfe1b1666b17b2cf,3c405e270bee41c0babb4e2f480c4820,3e6715aa7d6e43cfbcf24408cd6e80a2,07a7decdd0f643f38d2dda1dc46c1a69,1a7f73e7e8b6443e992afe62d173961b,
CA0052,3cf4cb29ae344577b9eed37e531688a4,17af011e41554911abaffa22ad6029a5,3fc0832d44a94f988606fea7326710e8,5a677a60ba6c467e9d1c5fd4c43918f0,cd59b7f347764b999c82215388c6492c,
CA0053,04e82396b2ba40ab9d860f993447f3eb,2e6b706682a44a1b92a49f666e26f2e8,4021e657b5d34d5aa4ea5e9af55de6e7,014ee9940feb491e93417b0764ccfcc7,0f3e928e15174bbc8f3e098911946a18,
CA0054,bc8a35363dfd4d1ba6bb8c1ea67abd20,2aebe7d2828d4545bd9e18d7b755b42c,4346bb07e8da4b639a2c163b804da5af,83f6319526b24e35baf54d68b11bf567,3e672d04f9794ed89375808b1b354b15,
CA0055,3cf4cb29ae344577b9eed37e531688a4,571f8e799b8243df9cadab669a54abd9,44de5a750dc943f0890989e2c21efa52,9a361f2ffd6d42b698f138a71163c05b,7ba7c3c12c924e2db38b2a222d1b65f0,
CA0056,5b510a5cb03b4ba9bfe1b1666b17b2cf,2bb56f3157d94c27921d8a1c32e02345,44c778b6ec774057962d1569f1a52d63,c8642931e5f14844873532246d848c37,627f45ea5a97458b9e9c100e2c1f46d8,
CA0057,bc8a35363dfd4d1ba6bb8c1ea67abd20,1de8f2b2d55443a4ba5fa5492d2a4a31,52d4d25d6095417298a29988a0aa90b7,1c73a794497942cabb9848a951aacfbe,e9ef9ab17571452494f222d7254e01fc,
CA0058,5b510a5cb03b4ba9bfe1b1666b17b2cf,49556a8215834dfa87d373cd2cb3b06d,53ceac51d9834ba1889c3d4144a28b98,e6c69e4c234b4fcb9700e1e46a6f564a,09ebf74a5b6545cfb1704fba983162e8,
CA0059,2f62f3dbbbcb4809ae353831a4d62c5e,36bd0a55f5ca4bcba11ce63ab1a41828,5435f6a96b4c457e8d9e943c2acbbe94,0aed7a6c893f461da774fe4a9870bfb9,9c8c6a4f22d04209ae492f0bb96d1d6f,
CA0060,d2bb955141df400bb5acf8891cfe37ce,39317618643c4de7ac03ffad7d75e069,547883f7839640e9aa0f3544877c84ee,ce7dcd20578a4ab39fdcea26d873b68e,7ba7c3c12c924e2db38b2a222d1b65f0,
CA0061,7a420535a9bb41a1ae2d129576fdb383,f71216bab33a420f92b09b2a83d60013,4fe3bfb341444ec4aab76df97462ee85,ffd19c9f103a412a8f36bc1b98e5d0fe,6907f5ab7b60468ea025071d3874fac5,
CA0062,7a420535a9bb41a1ae2d129576fdb383,003566cae02441718a5c0ed26b356f6f,0a1dba443f444db097724ce2bee13089,25c39368f08c4ad5ad3a6e34c3d13eeb,01cd1fa0dc4f43c48fe05fa31d638812,
CA0063,a7df8f459b2348f5ab88ee3fa0b1de05,005b1222ceb14e0082d6ee10887310e7,120d25dd617c48d4aa84bd7f517d895c,477c36061d934118850856a79f8cdefe,04696c570f9e46e286b621f8ad15b2f1,
CA0064,7a420535a9bb41a1ae2d129576fdb383,03182d6b56e54f1996dd774adff61c0d,d27591e1fcf04524bb836f5f25cd8da1,619f15d2066349a083f2669acb9e8ccf,0f3e928e15174bbc8f3e098911946a18,
CA0065,a7df8f459b2348f5ab88ee3fa0b1de05,0e35e45192d040799ec75c3049c7bfc9,0b298970e6e04222a8d6fcf13aa6d943,6f9d6ec897f04062afcdbd5fa32e1b1d,0ae3a98b495c42ad963260490974a1c2,
CA0066,7a420535a9bb41a1ae2d129576fdb383,0065e533707040ccabda66fd87fc0f24,2a3108ade82040b5a5e103f4aaf39d8b,003c497d6005475a92786e26b9c583fb,0483933a476a41159fc8a8ae57da7a0f,
CA0067,a7df8f459b2348f5ab88ee3fa0b1de05,031a4b0fd3b94546b0218ade854a3953,150c5cee16c6431d9ffeabcc2af9d0bd,05522ed6512b47efaa649b0426bdac4e,01cd1fa0dc4f43c48fe05fa31d638812,
CA0068,a7df8f459b2348f5ab88ee3fa0b1de05,002edb95ebe24b40856d19b9fc8ffe39,5f51c9d0110a45258b55411b5b2b17ba,05d813ea1c974946838dccc5e09f3572,0ae3a98b495c42ad963260490974a1c2,
CA0069,a7df8f459b2348f5ab88ee3fa0b1de05,03ba9733faa14a8989b9bafd35883a83,9adf765c5d7a494b8056ff054829f2d4,2b71d4d6516145d286674caea4216023,5202ca6410df452c890e5a108084b438,
CA0070,7a420535a9bb41a1ae2d129576fdb383,04b6c1072d9d4993978a424f4557bfda,0fff03f9ae7c4b6f81fc8e249a26b013,b1decdc22e9f4be3bd5ad8069b741bf6,6726f00ad32b45fe87ac3bdf5ca4e0db,
CA0071,7a420535a9bb41a1ae2d129576fdb383,177a2d0e27c441d0b6c161a83a32b657,a062b9fe5f564dfcb6eff16e8335a8b2,c5150b36d4d2447e89e1868d9ee06e16,11a558edc21143d8a6477980b2b72459,
CA0072,a7df8f459b2348f5ab88ee3fa0b1de05,168cbeaacdc84415b8a4a62332083d73,5f6a3234f04c411db2956e4068a1d45b,353f0cca2c5c47f5bd44341090ec54b7,0b76830bb3be4a90a64283827d4721d9,
CA0073,b103dbf5d7a741e4ba61ddb44d73966b,045b98ab2981425083b7c902d4e61935,bd0125b0bbd34cdf9d1ec5d9cec45216,9a9be9a2f0b34e358501429e6c0c25a0,585a7df8fce04ae5b734ec11c18db31e,
CA0074,bc8a35363dfd4d1ba6bb8c1ea67abd20,0030d40d6e654f4d8afc334383401303,51d66028443940e5bac33b375e2b51b0,7e6123120bd347469764132d37328888,0f17f2d391c8403c9db86c8da5385daf,
CA0075,3cf4cb29ae344577b9eed37e531688a4,0f7830f7ac694a379e0d2757fd85ad86,79084dd098274d7b9561baab79fe9c2a,5b074892202a4877a060f598566cdede,673960046323454c9ec97db94d36b65c,
CA0076,5b510a5cb03b4ba9bfe1b1666b17b2cf,2dd5bbc00adc44d68bf48ab4b7377e7f,3535c5cd9a2a445aa401f070f30628dc,7bac7ce83ac244ddb7d53416b4b6c1e4,71878ef612594284a7b43fd04b002aac,
CA0077,bc8a35363dfd4d1ba6bb8c1ea67abd20,14f52a523f6245a6bed38c4cb152ee8c,773646e5c40f414d97727bbb386009b1,a98dc7edd2a7472da21ed119e4bef96f,c6865f9b3be24462bb995c940649b3d3,
CA0078,04e82396b2ba40ab9d860f993447f3eb,28d956a70dd64164aa12c65f815fe61d,a81bee065a1a42c7873c9e0d968c01cb,c19246603ccf4c19a1aa6cfcc72d1222,16bd622735784efb944bfe4a6ada1487,
CA0079,7a420535a9bb41a1ae2d129576fdb383,3016cf7fcda44d53a170c40ecc9fabeb,85d2e67bd9d644389ee9ea66b353dc5b,3999334dced047c084e7dcf37a747f5d,f0a080bbdbf84505953eb24b374322e7,
CA0080,2f62f3dbbbcb4809ae353831a4d62c5e,31177cdc83024fbc9d112dd2ba13a80a,ae494b37c5274a07a9cfad762ceccc2a,ca586383677443c8b097a2c9c65bdb5a,0adeb15efea144e28428239c44f5aec4,
CA0081,3cf4cb29ae344577b9eed37e531688a4,254425aceb9e491f9378c4f0c4eb9470,5a504d42482d46f3b81f5ef78d224566,9275678d50494395a100bf97ad7e6f6c,627f45ea5a97458b9e9c100e2c1f46d8,
CA0082,5b510a5cb03b4ba9bfe1b1666b17b2cf,3c405e270bee41c0babb4e2f480c4820,e0277c9e27cc4112af224944efa84966,4ff02735a3d74a37aceb270ddf2b0e51,1a7f73e7e8b6443e992afe62d173961b,
CA0083,3cf4cb29ae344577b9eed37e531688a4,17af011e41554911abaffa22ad6029a5,5435f6a96b4c457e8d9e943c2acbbe94,2034f7df099f40ab8808c973c2e0437f,cd59b7f347764b999c82215388c6492c,
CA0084,04e82396b2ba40ab9d860f993447f3eb,2e6b706682a44a1b92a49f666e26f2e8,b7ec88665cad4e26b93779b0e1a5a72d,f820a25541854b35bcebb1a847ca1e2f,0f3e928e15174bbc8f3e098911946a18,
CA0085,bc8a35363dfd4d1ba6bb8c1ea67abd20,2aebe7d2828d4545bd9e18d7b755b42c,02e9470155df4a3394e6446e5496f566,069cb49d17dc4aeb8adc795d40a57312,3e672d04f9794ed89375808b1b354b15,
CA0086,3cf4cb29ae344577b9eed37e531688a4,571f8e799b8243df9cadab669a54abd9,010498ad56a148818431feb8425abfb8,06c91cdfbb054354ab33a79fe6e3c815,7ba7c3c12c924e2db38b2a222d1b65f0,
CA0087,5b510a5cb03b4ba9bfe1b1666b17b2cf,2bb56f3157d94c27921d8a1c32e02345,003037d7fdaf4e80ad0eed9fc560d4ed,088a1693ea644f5d82df6bbf91c39222,627f45ea5a97458b9e9c100e2c1f46d8,
CA0088,bc8a35363dfd4d1ba6bb8c1ea67abd20,1de8f2b2d55443a4ba5fa5492d2a4a31,01348d82fbe84a7ca797a0ed02f16f08,0bdc0790412241d5ae4887b4b3986129,e9ef9ab17571452494f222d7254e01fc,
CA0089,5b510a5cb03b4ba9bfe1b1666b17b2cf,49556a8215834dfa87d373cd2cb3b06d,01c6db61e65f41b1ae83f943811cc7bc,0fb02e7bf06c4ec0b9bddc0b7b71d821,09ebf74a5b6545cfb1704fba983162e8,
CA0090,2f62f3dbbbcb4809ae353831a4d62c5e,36bd0a55f5ca4bcba11ce63ab1a41828,036ab31e6e314743bd81440bae6b7c27,0fd3a966880a44a585421b5bdbea94a5,9c8c6a4f22d04209ae492f0bb96d1d6f,
CA0091,4b3f25baa9b14f3bb25a9343e7fdd0c7,029059202bb74005a3ded77f2187de1f,0230d7c8398f47d69136e4efceca7834,cf48bc4d65984273b6a2c38ba560476a,,1cbfc4fdf3b64b7eaf35ab0753add735
CA0092,e3927c5826b740b699b577c671d95d4f,02557fcf59944f519321b117c6f3b304,02622b85ab214cf9a1648bd2b55e11bb,cf48bc4d65984273b6a2c38ba560476a,,62d5171155fc48e8bd80f563d34f594c
CA0093,e3927c5826b740b699b577c671d95d4f,033c1d0ce65c4a87968e1886dbdad5cc,027d7cd512ee4cf8b0893fc3b45f4585,e2b049e1fc1e48418309c27f3ad7d2ab,,
CA0094,4b3f25baa9b14f3bb25a9343e7fdd0c7,0331d2184df14509b53f649ce6d0b836,02d81d9da61547c581dafb83791d5864,a007ae3c7b2b4cd2827386c37f3e4a67,,21f9e28d1e3c4366bc928decb1014261
CA0095,e3927c5826b740b699b577c671d95d4f,037c267272dc4468b058a5dee5210e37,0385dcccacf046aa9e034489510cccaf,cf48bc4d65984273b6a2c38ba560476a,,21f9e28d1e3c4366bc928decb1014261
CA0096,e3927c5826b740b699b577c671d95d4f,03fd02b5f10344bc85161d71eb8cbaf4,054f1076d5fe4f94babb1ff97fcfeb86,cf48bc4d65984273b6a2c38ba560476a,,
CA0097,4b3f25baa9b14f3bb25a9343e7fdd0c7,ac7e30edd363406eaf21e8b30b632b7b,0648aa5f5f184c8a8edd9ece54224845,d1289c2ec6e0451a9112aeb1e88d1b16,,
CA0098,4b3f25baa9b14f3bb25a9343e7fdd0c7,b94511e9b58246a1bb9450b5219963e6,07a3a561283440fa96ce5c99b97953ca,d8f7cbcfc7ac4404a6ae8378fdd41c43,,
CA0099,e3927c5826b740b699b577c671d95d4f,e6b28dda2fb14c19974d4770e306933b,08f616ff6d73477bb058887a64ac2ca7,e2b049e1fc1e48418309c27f3ad7d2ab,,1cbfc4fdf3b64b7eaf35ab0753add735
CA0100,4b3f25baa9b14f3bb25a9343e7fdd0c7,f8d2c985e30941c2b275adeae51a88ba,0bcb84ea89fd4a55bce3981371ac9b22,e2b049e1fc1e48418309c27f3ad7d2ab,,
CA0101,b65a754c25174b10a24d0288ca0468a0,6a4ff3211b0846838c50e6a9ec61eaf7,0bf76c4dd49348c095b24bc32e4e3f77,1065ead5ea1a4fb082943c820449a0d8,,
CA0102,d7f9df9ca6a54191ad01096b93680b0a,35f4800d243c4ec798405a2ec64107d0,0d382664eb0d45eca6c2e7a43aec921f,40cdfd67dadf461e9beaac52f85429bd,,
CA0103,e3927c5826b740b699b577c671d95d4f,5ae2a1fbb5f341728cadaebd8ffc8862,2474d6939c9540059db4f66c1b31db18,6559d81952b34d43851881dafb9df691,,1cbfc4fdf3b64b7eaf35ab0753add735
CA0104,ac753a90b98143db83b176ee59fd8237,f8d2c985e30941c2b275adeae51a88ba,20f0faba96434e3a968fb9e549dda1c7,cf48bc4d65984273b6a2c38ba560476a,,
CA0105,7bbfafdd9d8346859f741444b21dca17,79168cf56f0f4a4f993fcff21af9f159,248f43081c8740f9abe7f7706d9737db,e2b049e1fc1e48418309c27f3ad7d2ab,,1cbfc4fdf3b64b7eaf35ab0753add735
CA0106,73412fa97ede4438bb4bec37e3ec1f33,a5b5168200634fbf926e97630f55d270,7210a172a74147a58f8a361f2555c07b,cf48bc4d65984273b6a2c38ba560476a,,
CA0107,4b3f25baa9b14f3bb25a9343e7fdd0c7,0f0d8a4085084d9da855afea9ae1bd6b,85905fc243ad48a0a027b931b963350c,6559d81952b34d43851881dafb9df691,,
CA0108,02daf02e8a8649318cd006c92beaa486,16245b794ad94cff83f2d82c623a6b3b,2b94f4834320414c85e5553d0226e2d6,e2b049e1fc1e48418309c27f3ad7d2ab,,1cbfc4fdf3b64b7eaf35ab0753add735
CA0109,bc8a35363dfd4d1ba6bb8c1ea67abd20,5ae2a1fbb5f341728cadaebd8ffc8862,0bf76c4dd49348c095b24bc32e4e3f77,6559d81952b34d43851881dafb9df691,,
CA0110,b9c5c60cb0b8447caa6ac87db8c04ac2,f8d2c985e30941c2b275adeae51a88ba,3693051163644314a8810a974b09ff86,40cdfd67dadf461e9beaac52f85429bd,,
CA0111,b65a754c25174b10a24d0288ca0468a0,5ae2a1fbb5f341728cadaebd8ffc8862,336a064e23b14ddd92e067c11b38c64f,40cdfd67dadf461e9beaac52f85429bd,,1cbfc4fdf3b64b7eaf35ab0753add735
CA0112,d7f9df9ca6a54191ad01096b93680b0a,16245b794ad94cff83f2d82c623a6b3b,3693051163644314a8810a974b09ff86,1065ead5ea1a4fb082943c820449a0d8,,
CA0113,e3927c5826b740b699b577c671d95d4f,f8d2c985e30941c2b275adeae51a88ba,41bb5886e09644c09f1a30aceeccb0ab,1065ead5ea1a4fb082943c820449a0d8,,
CA0114,ac753a90b98143db83b176ee59fd8237,6a4ff3211b0846838c50e6a9ec61eaf7,42f61af19e394a149461c54a693b7d93,cf48bc4d65984273b6a2c38ba560476a,,62d5171155fc48e8bd80f563d34f594c
CA0115,7bbfafdd9d8346859f741444b21dca17,16245b794ad94cff83f2d82c623a6b3b,48398c226bfc498eaecd948934ff9037,cf48bc4d65984273b6a2c38ba560476a,,1cbfc4fdf3b64b7eaf35ab0753add735
CA0116,73412fa97ede4438bb4bec37e3ec1f33,35f4800d243c4ec798405a2ec64107d0,544cef8d2bb64166a9025347a463c6b6,cf48bc4d65984273b6a2c38ba560476a,,62d5171155fc48e8bd80f563d34f594c
CA0117,4b3f25baa9b14f3bb25a9343e7fdd0c7,5ae2a1fbb5f341728cadaebd8ffc8862,5c4f87e44bb541dfa16b216b13c4191d,cf48bc4d65984273b6a2c38ba560476a,,1cbfc4fdf3b64b7eaf35ab0753add735
CA0118,02daf02e8a8649318cd006c92beaa486,f8d2c985e30941c2b275adeae51a88ba,5e470db975914bf8a917b9aba7935d36,cf48bc4d65984273b6a2c38ba560476a,,62d5171155fc48e8bd80f563d34f594c
CA0119,bc8a35363dfd4d1ba6bb8c1ea67abd20,35f4800d243c4ec798405a2ec64107d0,5fb9f67379ea4291a76441bc82e54dbb,cf48bc4d65984273b6a2c38ba560476a,,1cbfc4fdf3b64b7eaf35ab0753add735
CA0120,b9c5c60cb0b8447caa6ac87db8c04ac2,16245b794ad94cff83f2d82c623a6b3b,c17acec7d89f4a799a6dba3633d9b859,cf48bc4d65984273b6a2c38ba560476a,,62d5171155fc48e8bd80f563d34f594c
CA0121,04e82396b2ba40ab9d860f993447f3eb,0c2173e9b6894fd1bf537c46ded8dc62,059f8e60aaa04c35bd4c49443100609c,45a8bc09d0fa455f929f1284d756e975,4bdf73c5d50a425d88b7673929eadadc,ddf2f01610384e6a885ee41267ea46a8
CA0122,04e82396b2ba40ab9d860f993447f3eb,5fa0382d8ef74aa9875204e1eccb3763,1b22232bf0e041b9babefd14a0cae9eb,4a13d7ac0d9742099cbd2bb9f04337df,7cb821efb08743718fcdcb1d444daaa1,9afd057854c349c9996d537b60b31cff
CA0123,04e82396b2ba40ab9d860f993447f3eb,0c2173e9b6894fd1bf537c46ded8dc62,7c30d90c3c3247b294d1368da31a1054,730400fea9c94223a69a770712496118,81f32c0e888947148a580507cd25c1d4,9389174d4b944d45b6295a95263913a0
CA0124,7a420535a9bb41a1ae2d129576fdb383,749f9707d69c42f68c1919bcf346feb1,198f8c599ed748488a154c0e4d56db95,74333eb2c4754e8b8a9c3392caf3a5f5,7cb821efb08743718fcdcb1d444daaa1,cbd49d384f8c482facc1a530d67dcedb
CA0125,04e82396b2ba40ab9d860f993447f3eb,a5a9fbd2da7b4d76bbef9944ec80a5db,7986f66b799b4e289fe8d9bd9fc83117,be1637db53b540d29cd28196ee9f802c,494f66fc09da45e6bd8beb234c4933df,8fe97c929675457582c5581a3b0aa48c
CA0126,b103dbf5d7a741e4ba61ddb44d73966b,76897e6c702f4a56abb6ab2363537bad,7894292d2c0c4c768ea89e0eb3ee0124,bf21ac215a014a31addf63dd57dd462f,67f111085c0d43b9a418569f63d59e93,8c362643477f40a685e3d9d88db46e5c
CA0127,b103dbf5d7a741e4ba61ddb44d73966b,73062255390e46ce82369c46cd0dac6c,1cb1934d3dcf4043ac82a36994a25597,aa4373f56c08419d807e6f5b0dcee8b5,9b6a77b69cbe4ccf9137b34da90efd76,e373fd1a704a423a83e7611fc49ae5e8
CA0128,a7df8f459b2348f5ab88ee3fa0b1de05,7353e554291d422cb2e34cddd3d185ae,77547bc28cf243149deea1d4d6a84318,cbca4336035545178529007fe5b83d34,494f66fc09da45e6bd8beb234c4933df,b3e955e8c4df47539cc1439f4c77937e
CA0129,a7df8f459b2348f5ab88ee3fa0b1de05,719f64c84a024d4f98650c75ccaef9e2,6a9dd4d5fb1046569bf657e7a1cf8a1d,802b410ff0774523ba2258af63673b16,,78456f12f7b348d19db092e8617b8f50
CA0130,04e82396b2ba40ab9d860f993447f3eb,70171748cde24261aa8af9a4326af269,6ab2365fd33943778ad1426bc73c70bf,e87731991c4f47598a37c652edb5ecfd,494f66fc09da45e6bd8beb234c4933df,d92a62e54efc44859572eb4d04ed6edb
CA0131,b103dbf5d7a741e4ba61ddb44d73966b,f71216bab33a420f92b09b2a83d60013,6b11056988fb4613a7376cf8459e250f,ef3fb645ec644439a01deafb1de92e81,,68c780b04f4b462bb1f8d2ba85edd659
CA0132,b103dbf5d7a741e4ba61ddb44d73966b,f9bc117a6e304c9292e28598f588c978,6891eb4c19684c25b02d588d5a02944f,2eda7a789cab43e8bd3a745aa73e6273,9b6a77b69cbe4ccf9137b34da90efd76,cbd49d384f8c482facc1a530d67dcedb
CA0133,a7df8f459b2348f5ab88ee3fa0b1de05,71915cf0056344a8b9b8b460f4fc0712,0521135d1c234f10ab5c1c02b1aed813,f6be46fb409d4e48a0880f63f7e4e59f,,
CA0134,2f62f3dbbbcb4809ae353831a4d62c5e,11e86dd0bc664e038abae553564be29b,f51fcc22dd3744d4b7ee444e8637a070,72628043a5aa4e2aa9c340699069db63,494f66fc09da45e6bd8beb234c4933df,dcf13db487f3468087a97831e6fdfc5a
CA0135,a7df8f459b2348f5ab88ee3fa0b1de05,da90b28f924a4539a97051effbd1f984,05dc84f0027b42379fc4dfe685642d93,74cbcdad6f794c4ca103ccd4f460e1c7,,aca692caf5ae4a5c9aa368f916309ec7
CA0136,b103dbf5d7a741e4ba61ddb44d73966b,10322c2789db40f5bfc45cafe9ec0118,355b4817e81b4cf596bdd33e033be569,ed6e5a7a3cd244c39d401b675b5faef6,,fa5033bfa3684d9583d0c8260479bf0e
CA0137,3cf4cb29ae344577b9eed37e531688a4,0c22cea3cfd84ce59adeb55d0cae292e,05f368926ee342be99c8d55e5682b4e4,1bd10451b9ca480dbb801c6d16aa7dd8,aa70270c59594af8b863317d2485fa4e,aca692caf5ae4a5c9aa368f916309ec7
CA0138,3cf4cb29ae344577b9eed37e531688a4,9a1447967d3e49e4a51fa2387f084df5,6792d673b86949d3a8dceb4542b4476d,b4e156e7c1734bf3980579762623fb2b,,855cdb8f8f9949a79a31cc2a36b7c9f5
CA0139,7a420535a9bb41a1ae2d129576fdb383,11840009281747b484a312b1af3e2536,18211e88ec2f4332b40f396d35495348,069cb49d17dc4aeb8adc795d40a57312,83b2dd242b7f470abc0bff4e25e3f9f1,2c7ab8011ecb4701aa6b20ae2f2ec47a
CA0140,b103dbf5d7a741e4ba61ddb44d73966b,44b9e2b19ddf432b8fbe49b3a70c65d8,34907155451449a4b8c206013ed5d16e,05c3e8f51fc547c7b04fad564fc1ed0e,9b6a77b69cbe4ccf9137b34da90efd76,
CA0141,b103dbf5d7a741e4ba61ddb44d73966b,f71216bab33a420f92b09b2a83d60013,1adcda5fdd4a4f5ab299b2b69558df13,8e98a5c2dc0d4e60871f425167150bd0,9b6a77b69cbe4ccf9137b34da90efd76,27da464ddf28425b95b5eb1e9763ee73
CA0142,b103dbf5d7a741e4ba61ddb44d73966b,a5a2930c18e449cfb95011d1f1840a41,18411d89f8d04937874fb400527be553,743ce98d219d479ba1979d656349c72d,,739e554f7b5a4d89a1cb0e4af4c5dfc4
CA0143,3cf4cb29ae344577b9eed37e531688a4,7a20c41ed4644fd09c6da406b18e71b9,3230ab60ec5646139a2f669aa54971d7,5a721e706fb44bf79451b57b97705f71,9b6a77b69cbe4ccf9137b34da90efd76,3435e79e02d6457ca10b9d267723358d
CA0144,b103dbf5d7a741e4ba61ddb44d73966b,177a2d0e27c441d0b6c161a83a32b657,187120ecf13640d6a68d788fc9d86824,a49c97b2436d49338107054ef67dc848,67f111085c0d43b9a418569f63d59e93,4997ae3e880e4dd6ae06652acffb151f
CA0145,7a420535a9bb41a1ae2d129576fdb383,677b23923b764377a7a69578643e2a10,2f7dcac0903b4470a25e4af0f4952dde,2aeb2cec89a94a509a7101459089e323,cde8e1cb92874e1bb6dc00a5a559eb49,28710ab79f2c40559e8c2195fa342815
CA0146,b103dbf5d7a741e4ba61ddb44d73966b,a5a9fbd2da7b4d76bbef9944ec80a5db,679629991589469b9846a1c999dd55cb,6f422deb15304abe8d9243509989bcbe,,e373fd1a704a423a83e7611fc49ae5e8
CA0147,b103dbf5d7a741e4ba61ddb44d73966b,683d567ecf5649a1af77d6db98a8e78e,17cbfb62a15247c48343dcec1c9b659a,8d5c8461faa2423db7aa7b2dcb170330,9b6a77b69cbe4ccf9137b34da90efd76,614d752979624887b704a2feda640e25
CA0148,2f62f3dbbbcb4809ae353831a4d62c5e,67560f93dafa45c5a887f72abcf7ba81,5d83387638c84c73b97d1704e3f97c1d,5c8e72921252406e918108e1504c0aff,,51f01bdfa8c04441803527c35bbcf0a5
CA0149,3cf4cb29ae344577b9eed37e531688a4,6548c37c7c814e87a80a57707958f2a8,5b384e90b25e424a9898273563c42b06,f50a3a21b06a47cbb3c82c5a6269537f,,552580c53dbb4d36a4f06ff9b0fa2e9e
CA0150,3cf4cb29ae344577b9eed37e531688a4,64b663086f024e09943776e6fe32ebb9,2a367dacc11b4eadb526c55d711584da,59c6ccd39c3f4ff6a6e12bd326dfa81d,9b6a77b69cbe4ccf9137b34da90efd76,53850d93f5f84d949ed29b570fb8da61
CA0151,b103dbf5d7a741e4ba61ddb44d73966b,4b409a8ae03145d5bb0698585de728fe,d5875b2b12224cc5b6ff86193649fd1d,ce7dcd20578a4ab39fdcea26d873b68e,04696c570f9e46e286b621f8ad15b2f1,b689b5d757bd436c8c604456355f7216
CA0152,04e82396b2ba40ab9d860f993447f3eb,0242a072098a4c75b6e6d2ce88c9861e,0ab3c0323ef94e4e9c7b656905214d1d,0df7ab6074924e3e81d5855e335c6f88,42a3f83e8cc2424cb118eb0bd0312d19,
CA0153,b103dbf5d7a741e4ba61ddb44d73966b,2c931cc928be49a19557e2dcbc68b4ea,d3ac2430bdff43f2987db90389791ebb,ca586383677443c8b097a2c9c65bdb5a,04696c570f9e46e286b621f8ad15b2f1,
CA0154,5b510a5cb03b4ba9bfe1b1666b17b2cf,04189500fe4a425e83e5b3dc293d3828,00b610c5a1cc4d19b16a656961993ef3,17cc83993ccd496aa259b0339175c7c2,c75e4994d04344f3805fe4630cc7a58c,
CA0155,5b510a5cb03b4ba9bfe1b1666b17b2cf,09039b619775429d96aad7af398365e2,01be52f53fb043b9ab11fa6109c6c22f,1907afb0837a49438888467ef9995406,c75e4994d04344f3805fe4630cc7a58c,
CA0156,5b510a5cb03b4ba9bfe1b1666b17b2cf,0e20a5f634124e5c919371e0e3445aa5,09f9c253ba044f22842b0fcae0f035db,003c497d6005475a92786e26b9c583fb,c75e4994d04344f3805fe4630cc7a58c,
CA0157,b103dbf5d7a741e4ba61ddb44d73966b,1737387443d54cdba107dd36936a1d65,0b298970e6e04222a8d6fcf13aa6d943,2a8f54538ae24d60a08fe0d7c0ddbc6a,11a558edc21143d8a6477980b2b72459,
CA0158,b103dbf5d7a741e4ba61ddb44d73966b,1997ee79c2144975be7cdc637af6811d,0d5bbd7a281f4019b597b1965c6341ff,4ff02735a3d74a37aceb270ddf2b0e51,11a558edc21143d8a6477980b2b72459,
CA0159,b103dbf5d7a741e4ba61ddb44d73966b,08c6d3eb22c741598be4846c67c22828,0a6aaf1762fc4ca6ad2b6c77deb35449,014ee9940feb491e93417b0764ccfcc7,11a558edc21143d8a6477980b2b72459,5c580fc91d234268be6aa1b15a4a0f9f
CA0160,b103dbf5d7a741e4ba61ddb44d73966b,04bfb8346d3646119a00fd0c78efafae,0af27c23c38b443bbad5cb2eb076c971,732a7d11f6474625b5165028c36feddc,c75e4994d04344f3805fe4630cc7a58c,
CA0161,5b510a5cb03b4ba9bfe1b1666b17b2cf,12974e64cb1e42bb94db8974b3b085bd,564071de1c5e43dcb95f303ad30a4b57,7e6123120bd347469764132d37328888,ba1aae772d344181b8187ea099bac50c,
CA0162,7a420535a9bb41a1ae2d129576fdb383,0e047599567341608d242496e7753e32,2029c03a160b460ab5b7ba0631abd039,9654cc26675049789b9f79d3e9c12196,c75e4994d04344f3805fe4630cc7a58c,8b321cb976a349e0a2c39c418208c683
CA0163,7a420535a9bb41a1ae2d129576fdb383,303778079a6d4799ae46b0a3aaf57e19,258582b229394170bea7bf5d32eebe33,b381682f964e400985994c9d924934af,ba1aae772d344181b8187ea099bac50c,
CA0164,7a420535a9bb41a1ae2d129576fdb383,84b5873079a54fbb91dd7fc5b21e3324,13d5c66b95f5453e8b212228a19edc83,7e6123120bd347469764132d37328888,ba1aae772d344181b8187ea099bac50c,
CA0165,7a420535a9bb41a1ae2d129576fdb383,2dd5bbc00adc44d68bf48ab4b7377e7f,150c5cee16c6431d9ffeabcc2af9d0bd,c5150b36d4d2447e89e1868d9ee06e16,c75e4994d04344f3805fe4630cc7a58c,
CA0166,7a420535a9bb41a1ae2d129576fdb383,f6ed5040828f445893acb19180e2cd06,19ac025b336d4a79b10b29ae7877f719,e632b69766e8419eb551f687f8e2b54d,c75e4994d04344f3805fe4630cc7a58c,
CA0167,7a420535a9bb41a1ae2d129576fdb383,29b401060e14491ebfa00e5a9c2e6b2e,44c778b6ec774057962d1569f1a52d63,dcc65048623c4336b9ed500999212df5,c75e4994d04344f3805fe4630cc7a58c,49baa733c6af45c98e893de1dd476e13
CA0168,04e82396b2ba40ab9d860f993447f3eb,0065e533707040ccabda66fd87fc0f24,5b82ea51835d4330b7436c5e1459b607,ee81541fd15a4370a816757a78121a94,0287fa0a588543a2b43234a3ac4ed08f,4fc697d472c9462b8b86ce6587411168
CA0169,5b510a5cb03b4ba9bfe1b1666b17b2cf,01722abdd0184f55bd58539c88804ec9,fed9b170f7654711b78d4ec75420a538,0227492b0d964e07a6be0959e051bdd0,04696c570f9e46e286b621f8ad15b2f1,ff947c675e3a432d8cf6868c5c10f38c
CA0170,b103dbf5d7a741e4ba61ddb44d73966b,16f05bae3c7d45efa42e44009f5195c3,fdf2ed428e02481683e155062eb0adee,003c497d6005475a92786e26b9c583fb,04696c570f9e46e286b621f8ad15b2f1,
CA0171,b103dbf5d7a741e4ba61ddb44d73966b,f66ed5f227d34fe8aec9d06f4d0ddbad,d6bb4e4bd0ff432e84276da513a39d3d,faad338e522144c69c92277dd80d3805,46260e707b074fccba19491be50a77b7,
CA0172,b103dbf5d7a741e4ba61ddb44d73966b,f66ed5f227d34fe8aec9d06f4d0ddbad,d6c9fad5de8444628f693d6d1453aefa,3161b223313a4851b1a8ae3e7ff989ba,04696c570f9e46e286b621f8ad15b2f1,
CA0173,b103dbf5d7a741e4ba61ddb44d73966b,f65a2338b7a34b71b36f2dd378b6b6c5,f3e1daf4b4614bc5aedbec0fea51c536,e59954915dec4001b44f5eb3ba959ca7,04696c570f9e46e286b621f8ad15b2f1,8260e557e542407b9fba61f08a83c41d
CA0174,b103dbf5d7a741e4ba61ddb44d73966b,f7f7773160c742fe8c3c08b86ff82f1d,f85cfc803d904b13a6550a4ed28f126c,e6c69e4c234b4fcb9700e1e46a6f564a,04696c570f9e46e286b621f8ad15b2f1,789bbe3c23c14fce9d90324ead4b0554
CA0175,b103dbf5d7a741e4ba61ddb44d73966b,f85148dac5694344898d51f640cbb49c,f806e0bbdb7645768110777c0b40f896,847d5658c71d4c9bbe1d60ca321686ab,04696c570f9e46e286b621f8ad15b2f1,e58d1ce3178e47abbd57bb9e2d4c46aa
CA0176,b103dbf5d7a741e4ba61ddb44d73966b,fd6a5198999843b392dcb24d6772fa9d,f9137a60223a4891924b6fed6bd39e1c,2688d082a84a4491a214419052d3be6f,04696c570f9e46e286b621f8ad15b2f1,d7c2c42993074077b890e1a559ac7cad
CA0177,2f62f3dbbbcb4809ae353831a4d62c5e,feff705c51ab4554bb2431082241eed1,f923a04de0874b5e922d365905e5e450,c9add845e40248ea9b199be69ae1bd71,04696c570f9e46e286b621f8ad15b2f1,
CA0178,b103dbf5d7a741e4ba61ddb44d73966b,2b9e06c1564c4ad3b75560d529032435,d6aa7d889e1c470ea1b054ea4338613c,efc9329b016942a1b652cd6bbe84484e,46260e707b074fccba19491be50a77b7,c976b9b57f0f4ed5b99c46512b162ad8
CA0179,b103dbf5d7a741e4ba61ddb44d73966b,fdb208d8e62a457aa047bcb1ede03284,cc8691e0c59e45b39bc29b9428850365,c47f1eb661434f6db4f873302c0ebed4,04696c570f9e46e286b621f8ad15b2f1,
CA0180,b103dbf5d7a741e4ba61ddb44d73966b,fe2f3a9688ff4811afe840300b31362c,c3d1b2385aab41008b83c73b408e2e60,b60932236974415bb7e3fe8a9567c9d9,0b76830bb3be4a90a64283827d4721d9,5cb85c6455b843fca406f59d02d0e7d2
CA0181,b103dbf5d7a741e4ba61ddb44d73966b,2b9e06c1564c4ad3b75560d529032435,00b610c5a1cc4d19b16a656961993ef3,00db8f0feac14736bee1383eca9c6ddc,0a08857cd0cb470f97666c90669a309f,aaacb8ef41bd47fb8dc64bae1083589f
CA0182,02daf02e8a8649318cd006c92beaa486,dc817c1f62fa4c84817488d85d717b91,b4be32c6106b49aea1a498b3c06d03c6,f3690e7af0064c0c9e1a03f6882cf0fc,24ceb4c0a4254b2b9cc87ea307ced502,
CA0183,b103dbf5d7a741e4ba61ddb44d73966b,d9565fa841304b909d1ac42ffd696601,b40120e7658e43e7bdbd2d01dc4f6bfc,4dd7b6e5d9fb4a46b3bda836699d97dc,10fb8bbf502e4302ab7ca06118769e72,
CA0184,b103dbf5d7a741e4ba61ddb44d73966b,db5ecf972ee04f96a0ae4ddc5a2d3773,b39130e9ca264e7cb824584e88d28230,e90c6e8642b64a4d8f589d74f3efa409,,d1ef4207823e4cc3890a265c86a08a5d
CA0185,b103dbf5d7a741e4ba61ddb44d73966b,003131e82862449d9746be27a458115e,b0e9a6b05b394f6eb9c3307e908cc567,5675506afce746e9922662ca0008ac92,,3283f95133fc44f28ede346e727f9bfe
CA0186,b103dbf5d7a741e4ba61ddb44d73966b,9f6d9f1b397b4c7ba66ea5a02c709a8d,9913239f0eb74f708b5e11c89ea7f6df,9723cb92c4314d70af24e2de72287828,,d43311f2bf5245608441ea6a482f2b3f
CA0187,b103dbf5d7a741e4ba61ddb44d73966b,003131e82862449d9746be27a458115e,b0e9a6b05b394f6eb9c3307e908cc567,9e77d87b35da483b8805eb04fed76f37,,25b0c17264664762a693a85c612bbdf8
CA0188,b103dbf5d7a741e4ba61ddb44d73966b,a09f535b143f4286867c4f3fe2d5651f,b7ec88665cad4e26b93779b0e1a5a72d,ea89238122aa4469840e739469b079df,,cb7fce32e93b4af1960c76392181f414
CA0189,b103dbf5d7a741e4ba61ddb44d73966b,0065e533707040ccabda66fd87fc0f24,b0e9a6b05b394f6eb9c3307e908cc567,a03614d037014d4d8076f6a8f715861f,,f8ee5737c39b440291bc472c995effb4
CA0190,b103dbf5d7a741e4ba61ddb44d73966b,0386bbcf7a284021befda7745342f8ba,019c092123c84bde9ee4905bc520d5ab,8602765272994432a41c93e73614f2b6,,e146ab18de5a406fa3523367e2bcc5d4
CA0191,b103dbf5d7a741e4ba61ddb44d73966b,00858ca6d6dc454a80b9fd72ab1c4ca7,0110b2120be2428a87282cb8bc8e9e62,1cb9320af2cb4ce8bb8c74abdfd7a6d6,d7d07ae2002c4fccbfd82a1d472776dc,f20ae2e2d1c34b04b85082aa7978d122
CA0192,b103dbf5d7a741e4ba61ddb44d73966b,033c1d0ce65c4a87968e1886dbdad5cc,ad2576ca90ee4b9787f2722c888dc8dd,138249200ad3478c8e8f4381aeb0e602,,5d2cd69190174b1394f5e0cf30507ece
CA0193,b103dbf5d7a741e4ba61ddb44d73966b,005b1222ceb14e0082d6ee10887310e7,aece05f859894e2fbbd5f0d3d1247ef6,d6c3d88b03e4496a9625a1cb30173f33,04696c570f9e46e286b621f8ad15b2f1,
CA0194,b103dbf5d7a741e4ba61ddb44d73966b,b1ea0a6d2ceb455c85f02e786e694406,af41cd7f3e8d439c98ea0315923a511e,d5ffaad768be4bb8b82c153a67ebf66e,,c02039870f3a496488dfd9ef0af05d9c
CA0195,b103dbf5d7a741e4ba61ddb44d73966b,d622f552145f44889ddb1bda319e517d,a773ff06d62f42e2aee34198aba057da,b6c25d1f0d5843d1865d55b9642de89d,,f20ae2e2d1c34b04b85082aa7978d122
CA0196,b103dbf5d7a741e4ba61ddb44d73966b,d3e7aef2d8604a738444126d50aa2154,a8461bc64bc840aaa59ac38fc73dfb8d,1363cbb96da64b4a8c46a462ee623d12,,
CA0197,b103dbf5d7a741e4ba61ddb44d73966b,0faf7af0d9a64dc692d515710d6c138a,6b4ae7de12fd4c769d2b3c0a8475450c,ff7615f9f81b4083b568a7a05f8ffb72,,
CA0198,b103dbf5d7a741e4ba61ddb44d73966b,d622f552145f44889ddb1bda319e517d,a9badebcabec448b9729f7bfed76f980,c676fc0da5aa404388a07e6ae658e57e,9f40cbff1ed24c7b862adf573a0e17f6,c02039870f3a496488dfd9ef0af05d9c
CA0199,b103dbf5d7a741e4ba61ddb44d73966b,d94cc4f4ea6e4090978ba5d582bc6a67,ae19b218c8ed44d1aed80f4e2325f0c5,d5ffaad768be4bb8b82c153a67ebf66e,,d1ef4207823e4cc3890a265c86a08a5d
CA0200,b103dbf5d7a741e4ba61ddb44d73966b,b6c742f9e2a14ef59a2ff04701d37d9c,a8ebd9b61c0d4389a1553a5e64166416,d5ffaad768be4bb8b82c153a67ebf66e,,c02039870f3a496488dfd9ef0af05d9c
CA0201,b103dbf5d7a741e4ba61ddb44d73966b,0030d40d6e654f4d8afc334383401303,ae88ec2f449749ff9a8255bd0395fb2d,e90c6e8642b64a4d8f589d74f3efa409,,d1ef4207823e4cc3890a265c86a08a5d
CA0202,b103dbf5d7a741e4ba61ddb44d73966b,d95ebdd601c0428783e66420affd6767,ab5c24696751484cac983c8561c20f1f,c676fc0da5aa404388a07e6ae658e57e,,c02039870f3a496488dfd9ef0af05d9c
CA0203,b103dbf5d7a741e4ba61ddb44d73966b,dc1049a9daf64903807854ea222aaaa9,a972d5bfcf09489ea2fb6972c1b109a7,be348d054a2b4a25825b9a093f90ac20,,fe826bcd350c4a968e7c7385caf6da1a
CA0204,b103dbf5d7a741e4ba61ddb44d73966b,3c405e270bee41c0babb4e2f480c4820,0858d12a37014eca827209e64b9f59e3,111ea3d1601e4148b5b86f77538c8998,5202ca6410df452c890e5a108084b438,c133e952dc6c4381a6ff2b6d6eba5e6e
CA0205,b103dbf5d7a741e4ba61ddb44d73966b,9be6be7f6e5c4ae78168bd18d22b16b2,308d5d5fda0f4ded9511927bcfc192cf,6bbdd7aae5954189b905b0f03bd8a44a,28974a9d04144aaba3b1d61510e4f6d2,ee5e4645a1ae43f69f8ad502a0e59b71
CA0206,b103dbf5d7a741e4ba61ddb44d73966b,97e5fa959e274690937aa60b72c4280c,228facda9e29498e8a8f00d73af3af98,eaab0fa4145049b7b2f77bdf0eb57299,,ed8e03e7a26b4436bfdd3693d7b4ebde
CA0207,504244b76e654f5db23dc62693106bc8,a09f535b143f4286867c4f3fe2d5651f,b7ec88665cad4e26b93779b0e1a5a72d,ad39957103ae4a008db04c460ef1bf14,8487ef32c40a4c6aac15e99a0a347a2f,67af46a86571474195798d73d59edf21
CA0208,e3927c5826b740b699b577c671d95d4f,a09f535b143f4286867c4f3fe2d5651f,b7ec88665cad4e26b93779b0e1a5a72d,ad39957103ae4a008db04c460ef1bf14,8487ef32c40a4c6aac15e99a0a347a2f,7d5391bac750481abd23b5d430b06301
CA0209,b103dbf5d7a741e4ba61ddb44d73966b,a09f535b143f4286867c4f3fe2d5651f,ac27e7d935454784ae59fa4c5a656efb,ff7a257f56284ecf96e5da20d6b43cd8,,b8e39f9f12dc4dd2bebbbbf97391e1db
CA0210,b103dbf5d7a741e4ba61ddb44d73966b,97e5fa959e274690937aa60b72c4280c,228facda9e29498e8a8f00d73af3af98,50934b9faee343219fd3b8d256d88bc2,,d339cd4f68ab46bcb2a72c1b38d59009
CA0211,b103dbf5d7a741e4ba61ddb44d73966b,0030d40d6e654f4d8afc334383401303,99cd84d19aaa4c70ac2544699269fcc5,fa918607a3a641f28808dac1257ac5fd,04696c570f9e46e286b621f8ad15b2f1,
CA0212,b103dbf5d7a741e4ba61ddb44d73966b,83ae78b040624711b0a04cc63cdd359d,931c0ed47c3e4df69734fe19247a7b33,e95db6298dde4623ac9516bcb849efa7,04696c570f9e46e286b621f8ad15b2f1,
CA0213,b103dbf5d7a741e4ba61ddb44d73966b,7e4d59764799448f8c2aeb8c1b6f7d11,e4febea1806c48d1a4c73ee5cc0438b0,e95c31b252324328994a712b9b200c38,5ceea715f952478eb5e91eac9904b03a,c2e0643dbbe348ff870e761a3ae66330
CA0214,b103dbf5d7a741e4ba61ddb44d73966b,7e70d58768e7422d9d049d0af63571cb,e3a89b171b9248c2ba79d17090ca78c8,e9d33e0ae9234dfc9e74ef4ddf253a2a,04696c570f9e46e286b621f8ad15b2f1,
CA0215,b103dbf5d7a741e4ba61ddb44d73966b,7eec3db7c11b4af1be3c46e460c4bd8a,e3ce04e3b8014ac580f2bccd263c5298,eac56b8814c24568ade0bee895cf8fe1,04696c570f9e46e286b621f8ad15b2f1,6a869dbb14af4e77abb6b53e6bb7e8de
CA0216,b103dbf5d7a741e4ba61ddb44d73966b,75df72a52a6c40f4a52a5a87ae234407,e27f1a2c83f74820bd31998124b39cfe,ea06d8ece3524957aabac3a976a44866,020830e2edd44a0cb35b5b89c0aa6df0,
CA0217,2f62f3dbbbcb4809ae353831a4d62c5e,71eb5c38823244df8f1882483d319bbf,d884a55232a244eaab2322add9114031,e91d86bed9d145d0a6a036ba08e1c3a8,03b268984b914fb7ab2e9cc40da1d0ce,
CA0218,2f62f3dbbbcb4809ae353831a4d62c5e,037c267272dc4468b058a5dee5210e37,2892fe00e16e4ccfa723f5f739689d87,ec5109a92de14721b925ff0807cb2625,04696c570f9e46e286b621f8ad15b2f1,
CA0219,b103dbf5d7a741e4ba61ddb44d73966b,f82d27917817401a8fae6820fb95c87b,ff1aea1f7fbe44eea9c6f4300f321b54,e71b4f148b1545919cfdf4582df2d2d7,11877303850542e18d33bb4fbcc374bb,
CA0220,7a420535a9bb41a1ae2d129576fdb383,f636046bd311406faf36b0ba41fffaa5,fc96b5fe861e493d95b4595723320394,ca5bb03d94a14bdb8812acf01b236dec,04696c570f9e46e286b621f8ad15b2f1,
CA0221,b103dbf5d7a741e4ba61ddb44d73966b,f6e35443abbd4e458658855bf12519cb,fc1d578905904e18831eb0a611663d7e,cfe1facc2b9b43388b26e4f0006eeeda,,f0241d5ebae947d58fd28559d1a92ad0
CA0222,b103dbf5d7a741e4ba61ddb44d73966b,e2b8776f6225453690211f806a8b7406,fda38e4cc44f4dd0a48f70fd8a0303f5,bd2544233ecf4ee1b845d702cfc36dde,04696c570f9e46e286b621f8ad15b2f1,d26f83d1d1c04569982a5ba7298812f5
CA0223,b103dbf5d7a741e4ba61ddb44d73966b,e2aba4aab5dd41238ab7206f214be19d,fe908d4297864fd99751e535eb93cf19,a23239b2facf4a728781980a6644cc38,b651ee59eb2a4d278b744a6673bcabd7,
CA0224,b103dbf5d7a741e4ba61ddb44d73966b,dbb3ccfb60cd418b82a5ba6af6e64a66,fbf9b7111b854cd386555faa886e51e1,8de5ba7d3b3d4fc38c36fe7ce79a9c68,d976b088372944ed8ce13e5cf473501f,
CA0225,b103dbf5d7a741e4ba61ddb44d73966b,d8cfd575b2b74fe3838268f1449a43a9,bda110f120dc4ef2abdbaddddc9ef230,8baca261aab54263abc932b1d12ad2f3,fcb411af37984a29be86b84442087dee,833d1f28698f4ba393f8a0e2b2b80abf
CA0226,b103dbf5d7a741e4ba61ddb44d73966b,cb45a74735ed4413905727f6ae31d8e7,ebad2a6ab0e24bce82fedef24c18dacc,8959cb6e948847a88e8262fcff42a4c7,0b76830bb3be4a90a64283827d4721d9,
CA0227,b103dbf5d7a741e4ba61ddb44d73966b,cc1e186bb78447d9b8fbfccd68ce0813,f8cb2f54bc9d4eaebf2c0314865bd2f6,698acf0234db47d39a2a2ac49063e51c,c2cb3d2a9bb24e3689636ca057682397,
CA0228,b103dbf5d7a741e4ba61ddb44d73966b,c986d829fcde44e9887bf116d29fe588,fb3d2438925d4b1ca40e74fea2485185,3d480f2aa364483c916908ddd4565244,3aaf16c5a15248b583d129a660ce0022,e93fa8d46e8f4270a6766ebfae91ac34
CA0229,b103dbf5d7a741e4ba61ddb44d73966b,951e62ed85de4401875ad2cdb3635cd9,8140a60937ec45a7aac62d7df27795cc,2030d26d6e9c47b184151e8a67a515cc,f64389f9ca814d1d959937a5833439bc,
CA0230,b103dbf5d7a741e4ba61ddb44d73966b,8b2f142bec814aa785a299c012ed5fe6,f8b21d09bc1646a5b37746c103d3d7cb,18f18283c052477fb658d6f05f739643,1a643bcc769743ac8d22cbc929421cd1,e2f370ade4c34f56b05481b05e9faad4
CA0231,b103dbf5d7a741e4ba61ddb44d73966b,8af422b4026a4ee5a1512a0b7e476635,f905ff4cf8e241b58485ee47f04516eb,0c9eb4b940c644e4b649b2b49ef428fc,020830e2edd44a0cb35b5b89c0aa6df0,
CA0232,b103dbf5d7a741e4ba61ddb44d73966b,8566d141cd414aa88dee3cd046642a3e,75bb381ba1b7447c9842c8fa21d1f99b,d47ad12df0af43d9a901b44edbe8e1a4,020830e2edd44a0cb35b5b89c0aa6df0,b185e522096b4c39bcc42d940db41c00
CA0233,2f62f3dbbbcb4809ae353831a4d62c5e,81772efb16ac4bd0a3d5dacfc90618bf,f4c41c313ea44023bfd8e7a2afb2e010,22f709956cb24edaaf8cf27c1dd26ba7,7aacf4216b6145d0b6898b3316118d9f,
CA0234,b103dbf5d7a741e4ba61ddb44d73966b,002b02c5515f48b884211c7eccd2cb3a,f56a4daec8524ea0b15abbec509fff79,02afd08345c545e3b3b1ce241d0984f8,7aacf4216b6145d0b6898b3316118d9f,8633d2ece8a04c29a22093c763fdff1c
CA0235,b103dbf5d7a741e4ba61ddb44d73966b,fd5228621e854f339da3a1d8ae9585b5,e3ce04e3b8014ac580f2bccd263c5298,3d480f2aa364483c916908ddd4565244,ad5d8b66ff144e2aab3bd3a2668edab1,f0241d5ebae947d58fd28559d1a92ad0
CA0236,b103dbf5d7a741e4ba61ddb44d73966b,fbae19ba3cf64595827fc57753dc44ec,fe77b8eea5f64e86bbc4c581affa2b16,fc0565dbdc5c45b88bdcca8dfed1287f,b09a4e5b1e8f4e3b891540f589f8b043,b3e955e8c4df47539cc1439f4c77937e
CA0237,b103dbf5d7a741e4ba61ddb44d73966b,fdd2654d5f814651b1e62a637e72f7ae,92e016a025ba47c0aa2fa5d8480c538f,fc41975ed114435d86ea610509a5c7ca,9a8c0719cbdd4b7dbd35f11c0caf3bd6,90d767314ec04787937c41791a87ece7
CA0238,b103dbf5d7a741e4ba61ddb44d73966b,e9d44171a1f449c59484df899c9f880c,fdbd4eff94a440e59f5285938863fa71,106145c8aec94f02947dffc3d0ac9bff,0ce6a97dd09045fd9bdd5b2c08b2c352,
CA0239,b103dbf5d7a741e4ba61ddb44d73966b,ff40c5b75f3646878bffec754a136aec,e01a8ff289394285a9192f63ca2ca11c,8f5f9bd7b5b74deb8aefb2170a6abce0,0ce6a97dd09045fd9bdd5b2c08b2c352,
CA0240,b103dbf5d7a741e4ba61ddb44d73966b,0c2173e9b6894fd1bf537c46ded8dc62,0e59699e0d08446bafd05ed67c2bb871,43c1d7367c714385b2301eaa81f52d54,f4790bc9f8dd45119ceafe2f5cc19da3,d524803f25834178be42d208da8c332f
CA0241,b103dbf5d7a741e4ba61ddb44d73966b,002b02c5515f48b884211c7eccd2cb3a,df5da9043f0e40fc9b1ff28ef40e75ea,44eb2027c0694700a0c418aa9250c9b2,9a72c747757e472f9b1d0030a96ef06b,7db0ef97527643b288d9a391c92caffe
CA0242,b103dbf5d7a741e4ba61ddb44d73966b,82347f14f01d474286d38dc0d6f6c66c,e6f3df44b0a64e5684b6d93416cd282f,0286ee8fb97a4917ba9791ba19f51182,,5c91767ee2e44f018d8782cbd5da12c9
CA0243,b103dbf5d7a741e4ba61ddb44d73966b,84b5873079a54fbb91dd7fc5b21e3324,ec9dd17533f64e8ca8e1a6db8cf31517,de44e67de877446093a7f4dc9ab83e24,04696c570f9e46e286b621f8ad15b2f1,83a7215d7142442da35ae141f7c4f1dc
CA0244,5b510a5cb03b4ba9bfe1b1666b17b2cf,b1ea0a6d2ceb455c85f02e786e694406,9266654b782644008a80a00a57337cb2,d33addf01f184ae58e3106be4849f31d,8fadf886d86b4d80a891f32bb0abadb9,c5e669d3c4ff4e52bd8290994de5dfa8
CA0245,b103dbf5d7a741e4ba61ddb44d73966b,816a4c12130d4e62bfdbda871e36b90b,eba81bb51d9f4cf49ec18b45791e260e,cfe1facc2b9b43388b26e4f0006eeeda,,a5a6fb82276b4b748dad522da60ac96a
CA0246,b103dbf5d7a741e4ba61ddb44d73966b,84aba04f37894968bc2011fc7d8e9e90,e5cf0796726a4f19a5ee3855f636e600,cd90db6029584e83a3179d28640b0979,a96e113ab7b54ce280772e6f7dcfbc74,
CA0247,5b510a5cb03b4ba9bfe1b1666b17b2cf,78ca895168c84bf896bafa853082ea14,e628dce265b04fea91277d1a2b793c50,337d6ad7c2294823914bb0dd95fc6ace,d870745e0b104aae917ba83fb8c7891b,7277e485c6aa4041af4a78f9f50b4baf
CA0248,b103dbf5d7a741e4ba61ddb44d73966b,797b129ab4b24c14913901424ca861be,e86a9e4434f34fd1b43021c14622e856,ca9202a9048c49178f22c7c83b78eee9,d16c482a4a1849b28bbd19e4d19c058b,
CA0249,b103dbf5d7a741e4ba61ddb44d73966b,76c00e568aad4672aa21e79746dbf71d,bce4eabd242c40729d603ce0405d44d7,b9b50b53fb9d463892dd9b6a5c123789,ea3b4cea43334e24a0a64be85999bf54,5874fc8faf334765ab59a88efe1bcc1c
CA0250,b103dbf5d7a741e4ba61ddb44d73966b,7491ead5b5124365a7de6fffac5f3d65,7c0a55de47b54e0997e9281d57e94702,bcf2d06b23834061b656a0047d287e0e,4ff1f629cb7947b59171b47c9d7bc63f,e93fa8d46e8f4270a6766ebfae91ac34
CA0251,b103dbf5d7a741e4ba61ddb44d73966b,6a016504093045ae8e64fe25de4cf557,bcdd59996f574020b0898599faaa5b6c,a3467ab294cf4db19d02d77c8b35c186,ea3b4cea43334e24a0a64be85999bf54,4b1768f460d64197bf726660d4de3d8f
CA0252,b103dbf5d7a741e4ba61ddb44d73966b,6a9f422357894567a365b079f4ba6742,bc5bbfe50e4446dfaa9a7e84b8f87d70,9c810386bf744a569286bf28477a2195,6484c0a6b7f24f0d97294c76efeadbaa,d2fc3458adbb4d21aa28a1b63b9dd464
CA0253,5b510a5cb03b4ba9bfe1b1666b17b2cf,9dbde75e529949a28a74aea187e41a33,b7adb64e438a45d5be14bd04761c5fcd,93f28f45fa62409295486dce38b67dc0,7b05accc1c604aee83c26cab8f2388fb,9389174d4b944d45b6295a95263913a0
CA0254,b103dbf5d7a741e4ba61ddb44d73966b,619351eb71554e71af8e91d74383121f,baa5c07473764074b54a50e776cd66d2,515d83193348486a9b357d61c14bf1b1,,00301f89ea57450cb75eca3dd65a3019
CA0255,b103dbf5d7a741e4ba61ddb44d73966b,0951a629d0c7483bae7d681b632c5f0b,b99d8397b2144cae93a0088337965d49,1cc1dc64ae9c4bbd9ae9e93c639b7e90,25341152e0d740a99710aa4688d93c44,07b096b9a86344a7bb53bf93e5624c31
CA0256,b103dbf5d7a741e4ba61ddb44d73966b,33cfaffc6b2140e2b6e43268ad1ce18e,ce675fe9e6804a5ab28f62740ccee709,13d85479e6ba4e40b38af55951aaef5a,,0eaee68d16214583ab4b05f083752119
CA0257,b103dbf5d7a741e4ba61ddb44d73966b,451d3066989e4c18bd82ed3ea8da518f,b91ced9c292b44fba3523f03e095778b,048677f05d3f4f5b8b3f0ae315c76169,92cfd00ee35d442fbf83fa6cae83ff5f,06e771d8ea28474b80cdc37ff1c7cb04
CA0258,5b510a5cb03b4ba9bfe1b1666b17b2cf,9e65b036480346aca5ade0b5e2957336,bfda47d0f7d74c33b75cd611efeeb96a,0057a5159422436380f3097a262d2583,fe50351a330440db9d64ac7ceca0f82a,6043142e339c4225a9a83fff832a732c
CA0259,b103dbf5d7a741e4ba61ddb44d73966b,83cafe758f0b47408e3f86a4c889a428,bd74b0020fc348de877e6040fbceef36,be7d04509cda49988c8edbaa74ea9f07,4788557f48584d03a6d57231708f16c8,38b8094d34834db2bed852a8b933eb58
CA0260,2f62f3dbbbcb4809ae353831a4d62c5e,9c04021fc7464dc680442ae9957ee786,b7ec88665cad4e26b93779b0e1a5a72d,19071d7d18fb42a489c146a074872ef9,ad81534ee2e34e4b98e312517ca3e192,3bfb11515d954fa8831fce2e436e5b0a
CA0261,2f62f3dbbbcb4809ae353831a4d62c5e,9a7dc9e10ca04af79d1914446a6cfc40,b7ec88665cad4e26b93779b0e1a5a72d,178b467a5c6a4c149c98e2aa38614ae8,598d2578c1154dd28adf6217f25378d5,9cf8559ad8f84a4c8304f89edd8e81bb
CA0262,b103dbf5d7a741e4ba61ddb44d73966b,9fb2ec28e42e45488f1875fbc605ca30,ce675fe9e6804a5ab28f62740ccee709,1865cc1a73164d4bb3bce1c89dfff60c,7c9735f319dc46f0b45df3bae619c888,0adcf714a60c410c9621dfe00a3a7b45
CA0263,5b510a5cb03b4ba9bfe1b1666b17b2cf,a39cd54300fd421482ad61588fbbdcab,d025037dd90d41afab625fca83fa9b9a,102040e3bd314de181a9e317a1fc6c38,18676f648eb241b5a7fc9fd3c0bffbd5,77a23328e4024e3ab7fe43887894c8c0
CA0264,b103dbf5d7a741e4ba61ddb44d73966b,ad49d68451524492a1507948450ec76c,e0db78ca8f5d4c96ab14605c30a654e7,0be0892fa85845e8b6091cfcd0408a28,77aae52259bb44578c30d037bfb7c9b6,a090ef012b9f4011acabd68cbbf41a6c
CA0265,b103dbf5d7a741e4ba61ddb44d73966b,a5487614eee74302bf148460b2361a69,d5183d3a3a8f4e679efd8d99a58fc394,e93e89b82c274f0694102271585934f7,ce9c38b11f72410483fed1cbbe148480,b72cc1ef4d2d4f64866677050e0a9fb9
CA0266,2f62f3dbbbcb4809ae353831a4d62c5e,7843fe824ec446d599ddd30df1ff5678,e8190d6e793f4e598be6dc3024119fe5,a562b40db4ac495d9d9077d98485743a,c94e1a5743284f6a9dc23458a4dff2eb,585fea0cacb747bbb8b06df6b940b030
CA0267,b103dbf5d7a741e4ba61ddb44d73966b,8397cd0b6dbe47c9873548c0fe43337b,339c34d718ee4aba8344650ed9cd9bc0,1be5179c4b944a69a30dd07b28687cbb,c53faa63f03547b38bd2bfa9710e7559,3801aadca1d94ac0835648d99756b1ef
CA0268,b103dbf5d7a741e4ba61ddb44d73966b,aefce0216bdd4c3b9190b61b256a6655,f56bb2d675234d2f80420c0cf780e49c,da8229e74c874d67935b2b5f086e67d5,fd5193f8cab54daa85f4835f330e7788,
CA0269,5b510a5cb03b4ba9bfe1b1666b17b2cf,635fed33a5a846568f611a884cfb5364,b9aa0eceb1c243e5aecec7e512476996,a788d504033e4cba9258dd91d2975c02,,27cc132f56214ce6b4b18e81bbcb9ace
CA0270,b103dbf5d7a741e4ba61ddb44d73966b,797b129ab4b24c14913901424ca861be,1dac32a3b4ea45d5a03ba5cb24b29c4d,bc0b9ab6ca864e52bc1ab6e1ee55c8ee,9c53c89a6466451fbde266cdde37e56e,8db5cacdab4842be9ee538f58bb09c83
